Name,Email 
Name1,sign.js.test+09+1@gmail.com
Name2,sign.js.test+09+2@gmail.com
Name3,sign.js.test+09+3@gmail.com
Name4,sign.js.test+09+4@gmail.com
Name5,sign.js.test+09+5@gmail.com
Name6,sign.js.test+09+6@gmail.com
Name7,sign.js.test+09+7@gmail.com
Name8,sign.js.test+09+8@gmail.com
Name9,sign.js.test+09+9@gmail.com
Name10,sign.js.test+09+10@gmail.com
Name11,sign.js.test+09+11@gmail.com
Name12,sign.js.test+09+12@gmail.com
Name13,sign.js.test+09+13@gmail.com
Name14,sign.js.test+09+14@gmail.com
Name15,sign.js.test+09+15@gmail.com
Name16,sign.js.test+09+16@gmail.com
Name17,sign.js.test+09+17@gmail.com
Name18,sign.js.test+09+18@gmail.com
Name19,sign.js.test+09+19@gmail.com
Name20,sign.js.test+09+20@gmail.com